id	family	query	expected	attempts	planner_status	repairs	raw_e2b_output	first_invalid_output	accepted_summary	executable_plan
001	scene	sunset pictures	browse; media photos; semantic sunset	1	ACCEPTED	0	"{""v"":2,""q"":""sunset pictures"",""intent"":""browse"",""ops"":[[""media"",""photos""],[""term"",""sunset"",""semantic""]]}"		category=scenary, semantic=1, people=0, excludedPeople=0, negative=0, recent=false, evidence=visual, metadataFields=, ops=[mime type == photos] && [semantic == sunset]	[mime type == photos] && [semantic == sunset]
002	scene	beach photos	browse; media photos; semantic beach	1	ACCEPTED	0	"{""v"":2,""q"":""beach photos"",""intent"":""browse"",""ops"":[[""media"",""photos""],[""term"",""beach"",""semantic""]]}"		category=scenary, semantic=1, people=0, excludedPeople=0, negative=0, recent=false, evidence=visual, metadataFields=, ops=[mime type == photos] && [semantic == beach]	[mime type == photos] && [semantic == beach]
003	scene	dogs running	browse; one semantic dogs running	1	ACCEPTED	0	"{""v"":2,""q"":""dogs running"",""intent"":""browse"",""ops"":[[""term"",""dogs running"",""semantic""]]}"		category=scenary, semantic=1, people=0, excludedPeople=0, negative=0, recent=false, evidence=visual, metadataFields=, ops=[semantic == dogs running]	[semantic == dogs running]
004	scene	cycling in rain	browse; one semantic cycling in rain	1	ACCEPTED	0	"{""v"":2,""q"":""cycling in rain"",""intent"":""browse"",""ops"":[[""term"",""cycling in rain"",""semantic""]]}"		category=scenary, semantic=1, people=0, excludedPeople=0, negative=0, recent=false, evidence=visual, metadataFields=, ops=[semantic == cycling in rain]	[semantic == cycling in rain]
005	scene	snowy mountains	browse; one semantic snowy mountains	1	ACCEPTED	0	"{""v"":2,""q"":""snowy mountains"",""intent"":""browse"",""ops"":[[""term"",""snowy mountains"",""semantic""]]}"		category=scenary, semantic=1, people=0, excludedPeople=0, negative=0, recent=false, evidence=visual, metadataFields=, ops=[semantic == snowy mountains]	[semantic == snowy mountains]
006	scene	food on a table	browse; one semantic food on a table	1	ACCEPTED	0	"{""v"":2,""q"":""food on a table"",""intent"":""browse"",""ops"":[[""term"",""food on table"",""semantic""]]}"		category=scenary, semantic=1, people=0, excludedPeople=0, negative=0, recent=false, evidence=visual, metadataFields=, ops=[semantic == food on table]	[semantic == food on table]
007	scene	indoor birthday party	browse; one semantic indoor birthday party	1	ACCEPTED	0	"{""v"":2,""q"":""indoor birthday party"",""intent"":""browse"",""ops"":[[""term"",""indoor birthday party"",""semantic""]]}"		category=scenary, semantic=1, people=0, excludedPeople=0, negative=0, recent=false, evidence=visual, metadataFields=, ops=[semantic == indoor birthday party]	[semantic == indoor birthday party]
008	scene	night city lights	browse; one semantic night city lights	1	ACCEPTED	0	"{""v"":2,""q"":""night city lights"",""intent"":""browse"",""ops"":[[""term"",""night city lights"",""semantic""]]}"		category=scenary, semantic=1, people=0, excludedPeople=0, negative=0, recent=false, evidence=visual, metadataFields=, ops=[semantic == night city lights]	[semantic == night city lights]
009	scene	kids playing football	browse; one semantic kids playing football	1	ACCEPTED	0	"{""v"":2,""q"":""kids playing football"",""intent"":""browse"",""ops"":[[""term"",""kids playing football"",""semantic""]]}"		category=scenary, semantic=1, people=0, excludedPeople=0, negative=0, recent=false, evidence=visual, metadataFields=, ops=[semantic == kids playing football]	[semantic == kids playing football]
010	scene	red car	browse; one semantic red car	1	ACCEPTED	0	"{""v"":2,""q"":""red car"",""intent"":""browse"",""ops"":[[""term"",""red car"",""semantic""]]}"		category=scenary, semantic=1, people=0, excludedPeople=0, negative=0, recent=false, evidence=visual, metadataFields=, ops=[semantic == red car]	[semantic == red car]
011	media_scene	videos of dancing	browse; media videos; semantic dancing	1	ACCEPTED	0	"{""v"":2,""q"":""videos of dancing"",""intent"":""browse"",""ops"":[[""media"",""videos""],[""term"",""dancing"",""semantic""]]}"		category=scenary, semantic=1, people=0, excludedPeople=0, negative=0, recent=false, evidence=visual, metadataFields=, ops=[mime type == videos] && [semantic == dancing]	[mime type == videos] && [semantic == dancing]
012	media_scene	photos of swimming	browse; media photos; semantic swimming	1	ACCEPTED	0	"{""v"":2,""q"":""photos of swimming"",""intent"":""browse"",""ops"":[[""media"",""photos""],[""term"",""swimming"",""semantic""]]}"		category=scenary, semantic=1, people=0, excludedPeople=0, negative=0, recent=false, evidence=visual, metadataFields=, ops=[mime type == photos] && [semantic == swimming]	[mime type == photos] && [semantic == swimming]
013	media_scene	videos of fireworks at night	browse; media videos; one semantic fireworks at night	1	ACCEPTED	0	"{""v"":2,""q"":""videos of fireworks at night"",""intent"":""browse"",""ops"":[[""media"",""videos""],[""term"",""fireworks at night"",""semantic""]]}"		category=scenary, semantic=1, people=0, excludedPeople=0, negative=0, recent=false, evidence=visual, metadataFields=, ops=[mime type == videos] && [semantic == fireworks at night]	[mime type == videos] && [semantic == fireworks at night]
014	media_scene	selfies at the beach	browse; media photos; semantic selfie and beach; no self face	1	ACCEPTED	1	"{""v"":2,""q"":""selfies at the beach"",""intent"":""browse"",""ops"":[[""media"",""photos""],[""term"",""selfies"",""semantic""],[""location"",""beach""]]}"	"{""v"":2,""q"":""selfies at the beach"",""intent"":""browse"",""ops"":[[""media"",""photos""],[""term"",""selfies"",""semantic""],[""location"",""beach""]]}"	category=scenary, semantic=1, people=0, excludedPeople=0, negative=0, recent=false, evidence=visual, metadataFields=, ops=[mime type == photos] && [semantic == selfies at beach]	[mime type == photos] && [semantic == selfies at beach]
015	media_scene	portrait photos	browse; media photos; semantic portrait	1	ACCEPTED	0	"{""v"":2,""q"":""portrait photos"",""intent"":""browse"",""ops"":[[""media"",""photos""],[""term"",""portrait"",""semantic""]]}"		category=scenary, semantic=1, people=0, excludedPeople=0, negative=0, recent=false, evidence=visual, metadataFields=, ops=[mime type == photos] && [semantic == portrait]	[mime type == photos] && [semantic == portrait]
016	media_ocr	screenshots with error message	browse; media photos; screenshot error message content preserved	1	ACCEPTED	0	"{""v"":2,""q"":""screenshots with error message"",""intent"":""browse"",""ops"":[[""media"",""photos""],[""term"",""screenshot"",""semantic""],[""term"",""error message"",""all""]]}"		category=scenary, semantic=1, people=0, excludedPeople=0, negative=0, recent=false, evidence=visual, metadataFields=, ops=[mime type == photos] && [semantic == screenshot] && [keyword == {error} && {message}]	[mime type == photos] && [semantic == screenshot] && [keyword == {error} && {message}]
017	media_ocr	photos of receipts	browse; media photos; receipt content preserved	1	ACCEPTED	0	"{""v"":2,""q"":""photos of receipts"",""intent"":""browse"",""ops"":[[""media"",""photos""],[""term"",""receipts"",""semantic+all""]]}"		category=scenary, semantic=1, people=0, excludedPeople=0, negative=0, recent=false, evidence=visual, metadataFields=, ops=[mime type == photos] && [semantic == receipts] && [keyword == {receipts}]	[mime type == photos] && [semantic == receipts] && [keyword == {receipts}]
018	media_ocr	pictures of movie tickets	browse; media photos; movie ticket content preserved	1	ACCEPTED	0	"{""v"":2,""q"":""pictures of movie tickets"",""intent"":""browse"",""ops"":[[""media"",""photos""],[""term"",""movie tickets"",""semantic+all""]]}"		category=scenary, semantic=1, people=0, excludedPeople=0, negative=0, recent=false, evidence=visual, metadataFields=, ops=[mime type == photos] && [semantic == movie tickets] && [keyword == {movie} && {tickets}]	[mime type == photos] && [semantic == movie tickets] && [keyword == {movie} && {tickets}]
019	media_scene	documents photographed on table	browse; photo scope; document on table content preserved	1	ACCEPTED	0	"{""v"":2,""q"":""documents photographed on table"",""intent"":""browse"",""ops"":[[""media"",""photos""],[""term"",""documents on table"",""semantic+all""]]}"		category=scenary, semantic=1, people=0, excludedPeople=0, negative=0, recent=false, evidence=visual, metadataFields=, ops=[mime type == photos] && [semantic == documents on table] && [keyword == {documents} && {on} && {table}]	[mime type == photos] && [semantic == documents on table] && [keyword == {documents} && {on} && {table}]
020	media_scene	blurry photos	browse; media photos; semantic blurry	1	ACCEPTED	0	"{""v"":2,""q"":""blurry photos"",""intent"":""browse"",""ops"":[[""media"",""photos""],[""term"",""blurry photos"",""semantic""]]}"		category=scenary, semantic=1, people=0, excludedPeople=0, negative=0, recent=false, evidence=visual, metadataFields=, ops=[mime type == photos] && [semantic == blurry photos]	[mime type == photos] && [semantic == blurry]
021	people	Ramani photos	browse; person Ramani; media photos	1	ACCEPTED	0	"{""v"":2,""q"":""Ramani photos"",""intent"":""browse"",""ops"":[[""media"",""photos""],[""person_ref"",""F14""]]}"		category=scenary, semantic=0, people=1, excludedPeople=0, negative=0, recent=false, evidence=metadata+visual, metadataFields=people, ops=[person == ramani] && [mime type == photos]	[person == ramani] && [mime type == photos]
022	people	Ravi and Ramani together	browse; people Ravi and Ramani	1	VALIDATOR_FAILED	1	"{""v"":2,""q"":""Ravi and Ramani together"",""intent"":""answer:text"",""ops"":[[""person_ref"",""F4""],[""person_ref"",""F14""],[""semantic+all""]]}"	"{""v"":2,""q"":""Ravi and Ramani together"",""intent"":""answer:text"",""ops"":[[""person_ref"",""F4""],[""person_ref"",""F14""],[""semantic+all""]]}"		
023	people	photos of me	browse; self; media photos	1	ACCEPTED	0	"{""v"":2,""q"":""photos of me"",""intent"":""browse"",""ops"":[[""media"",""photos""],[""self""]]}"		category=scenary, semantic=0, people=1, excludedPeople=0, negative=0, recent=false, evidence=metadata+visual, metadataFields=people, ops=[person == ravi] && [mime type == photos]	[person == ravi] && [mime type == photos]
024	people	me only	browse; self; people_only	10	ACCEPTED	0	"{""v"":2,""q"":""me only"",""intent"":""browse"",""ops"":[[""self""]]}"		category=scenary, semantic=0, people=1, excludedPeople=0, negative=0, recent=false, evidence=metadata+visual, metadataFields=people, ops=[person == ravi]	[person == ravi]
025	people	Ramani only	browse; person Ramani; people_only	3	ACCEPTED	1	"{""v"":2,""q"":""Ramani only"",""intent"":""answer:person"",""ops"":[[""person_ref"",""F14""]]}"	"{""v"":2,""q"":""Ramani only"",""intent"":""answer:person"",""ops"":[[""person_ref"",""F14""]]}"	category=scenary, semantic=0, people=1, excludedPeople=0, negative=0, recent=false, evidence=metadata+visual, metadataFields=people, ops=[person == ramani]	[person == ramani]
026	people	me with Ramani alone	browse; self; person Ramani; people_only	2	VALIDATOR_FAILED	1	"{""v"":2,""q"":""me with Ramani alone"",""intent"":""browse"",""ops"":[[""self"",""self_term""],[""person_ref"",""F14""],[""people_only""]]}"	"{""v"":2,""q"":""me with Ramani alone"",""intent"":""browse"",""ops"":[[""self"",""self_term""],[""person_ref"",""F14""],[""people_only""]]}"		
027	people	Ramani dancing	browse; person Ramani; semantic dancing	1	ACCEPTED	0			category=scenary, semantic=1, people=1, excludedPeople=0, negative=0, recent=false, evidence=metadata+visual, metadataFields=people, ops=[person == ramani] && [semantic == dancing]	[person == ramani] && [semantic == dancing]
028	people	Ravi cycling in rain	browse; person Ravi; one semantic cycling in rain	1	ACCEPTED	0			category=scenary, semantic=1, people=1, excludedPeople=0, negative=0, recent=false, evidence=metadata+visual, metadataFields=people, ops=[person == ravi] && [semantic == cycling in rain]	[person == ravi] && [semantic == cycling in rain]
029	people	photos of Ramani without Ravi	browse; person Ramani; not_person Ravi; media photos	1	VALIDATOR_FAILED	1		"{""v"":2,""q"":""photos of Ramani without Ravi"",""intent"":""browse"",""ops"":[[""media"",""photos""],[""term"",""Ramani"",""semantic""],[""not_person_ref"",""F4""]]}"		
030	people	family photos without me	browse; semantic family; not self; media photos	2	VALIDATOR_FAILED	1	"{""v"":2,""q"":""family photos without me"",""intent"":""browse"",""ops"":[[""media"",""photos""],[""not_person_ref"",""self""]]}"	"{""v"":2,""q"":""family photos without me"",""intent"":""browse"",""ops"":[[""media"",""photos""],[""not_person_ref"",""self""]]}"		
031	location	photos in Goa	browse; media photos; location Goa	1	ACCEPTED	0			category=scenary, semantic=0, people=0, excludedPeople=0, negative=0, recent=false, evidence=metadata+visual, metadataFields=location, ops=[mime type == photos] && [location == Goa]	[mime type == photos] && [location == Goa]
032	location	pictures taken at BR Hills	browse; media photos; location BR Hills	1	VALIDATOR_FAILED	0				
033	location	videos from Bangalore	browse; media videos; location Bangalore	1	ACCEPTED	0	"{""v"":2,""q"":""videos from Bangalore"",""intent"":""browse"",""ops"":[[""media"",""videos""],[""location"",""Bangalore""]]}"		category=scenary, semantic=0, people=0, excludedPeople=0, negative=0, recent=false, evidence=metadata+visual, metadataFields=location, ops=[mime type == videos] && [location == Bangalore]	[mime type == videos] && [location == Bangalore]
034	location	beach photos in Chennai	browse; media photos; semantic beach; location Chennai	2	ACCEPTED	0	"{""v"":2,""q"":""beach photos in Chennai"",""intent"":""browse"",""ops"":[[""media"",""photos""],[""location"",""Chennai""],[""term"",""beach"",""semantic""]]}"		category=scenary, semantic=1, people=0, excludedPeople=0, negative=0, recent=false, evidence=metadata+visual, metadataFields=location, ops=[mime type == photos] && [location == Chennai] && [semantic == beach]	[mime type == photos] && [location == Chennai] && [semantic == beach]
035	location	Ravi photos at Goa	browse; person Ravi; media photos; location Goa	1	ACCEPTED	0			category=scenary, semantic=0, people=1, excludedPeople=0, negative=0, recent=false, evidence=metadata+visual, metadataFields=people,location, ops=[person == ravi] && [mime type == photos] && [location == Goa]	[person == ravi] && [mime type == photos] && [location == Goa]
036	location	Ramani dancing in Mysore	browse; person Ramani; semantic dancing; location Mysore	1	VALIDATOR_FAILED	0				
037	location	sunsets from Kerala	browse; semantic sunset; location Kerala	1	ACCEPTED	0	"{""v"":2,""q"":""sunsets from Kerala"",""intent"":""browse"",""ops"":[[""media"",""photos""],[""location"",""Kerala""],[""term"",""sunsets"",""semantic""]]}"		category=scenary, semantic=1, people=0, excludedPeople=0, negative=0, recent=false, evidence=metadata+visual, metadataFields=location, ops=[mime type == photos] && [location == Kerala] && [semantic == sunsets]	[mime type == photos] && [location == Kerala] && [semantic == sunsets]
038	location	photos near Eiffel Tower	browse; media photos; location Eiffel Tower	1	ACCEPTED	0			category=scenary, semantic=1, people=0, excludedPeople=0, negative=0, recent=false, evidence=metadata+visual, metadataFields=location, ops=[mime type == photos] && [location == Eiffel Tower] && [semantic == photos near Eiffel Tower]	[mime type == photos] && [location == Eiffel Tower] && [semantic == near]
039	location	trip to Ooty	browse; location Ooty; no travel outside_normal	1	VALIDATOR_FAILED	0				
040	travel	vacation photos	browse; travel outside_normal; media photos	1	ACCEPTED	0	"{""v"":2,""q"":""vacation photos"",""intent"":""browse"",""ops"":[[""media"",""photos""]]}"		category=scenary, semantic=0, people=0, excludedPeople=0, negative=0, recent=false, evidence=visual, metadataFields=, ops=[mime type == photos]	[mime type == photos]
041	time	photos from today	browse; media photos; calendar today	1	VALIDATOR_FAILED	0				
042	time	yesterday videos	browse; media videos; calendar yesterday	1	ACCEPTED	0	"{""v"":2,""q"":""yesterday videos"",""intent"":""browse"",""ops"":[[""media"",""videos""],[""calendar_date"",""yesterday""]]}"		category=scenary, semantic=0, people=0, excludedPeople=0, negative=0, recent=false, evidence=metadata+visual, metadataFields=time, ops=[mime type == videos] && [from_date == 2026-08-23] && [to_date == 2026-08-23]	[mime type == videos] && [from_date == 2026-08-23] && [to_date == 2026-08-23]
043	time	photos this week	browse; media photos; calendar period this week	2	ACCEPTED	0			category=scenary, semantic=0, people=0, excludedPeople=0, negative=0, recent=false, evidence=metadata+visual, metadataFields=time, ops=[mime type == photos] && [from_date == 2026-08-24] && [to_date == 2026-08-24]	[mime type == photos] && [from_date == 2026-08-24] && [to_date == 2026-08-24]
044	time	pictures last month	browse; media photos; calendar period last month	1	ACCEPTED	0			category=scenary, semantic=0, people=0, excludedPeople=0, negative=0, recent=false, evidence=metadata+visual, metadataFields=time, ops=[mime type == photos] && [from_date == 2026-07-01] && [to_date == 2026-07-31]	[mime type == photos] && [from_date == 2026-07-01] && [to_date == 2026-07-31]
045	time	videos this year	browse; media videos; relative this year	1	VALIDATOR_FAILED	0				
046	time	photos last 3 years	browse; media photos; relative last 3 years	1	ACCEPTED	1	"{""v"":2,""q"":""photos last 3 years"",""intent"":""browse"",""ops"":[[""media"",""photos""],[""relative_date"",""last"",""3"",""years""]]}"	"{""v"":2,""q"":""photos last 3 years"",""intent"":""browse"",""ops"":[[""media"",""photos""],[""relative_date"",""last"",""3"",""years""]]}"	category=scenary, semantic=0, people=0, excludedPeople=0, negative=0, recent=false, evidence=metadata+visual, metadataFields=time, ops=[mime type == photos] && [from_date == 2026-01-01] && [to_date == 2026-08-24]	[mime type == photos] && [from_date == 2026-01-01] && [to_date == 2026-08-24]
047	time	beach photos past 2 months	browse; media photos; semantic beach; relative past 2 months	1	VALIDATOR_FAILED	1	"{""v"":2,""q"":""beach photos past 2 months"",""intent"":""browse"",""ops"":[[""media"",""photos""],[""location"",""beach""],[""relative_date"",""last"",""2months""]]}"	"{""v"":2,""q"":""beach photos past 2 months"",""intent"":""browse"",""ops"":[[""media"",""photos""],[""location"",""beach""],[""relative_date"",""last"",""2months""]]}"		
048	time	photos since 2024	browse; media photos; date since 2024	1	VALIDATOR_FAILED	1	"{""v"":2,""q"":""photos since 2024"",""intent"":""browse"",""ops"":[[""media"",""photos""],[""date_ref"",""since"",""2024""]]}"	"{""v"":2,""q"":""photos since 2024"",""intent"":""browse"",""ops"":[[""media"",""photos""],[""date_ref"",""since"",""2024""]]}"		
049	time	photos before January 2025	browse; media photos; date before January 2025	2	VALIDATOR_FAILED	1	"{""v"":2,""q"":""photos before January 2025"",""intent"":""browse"",""ops"":[[""media"",""photos""],[""date_ref"",""before"",""D144""]]}"	"{""v"":2,""q"":""photos before January 2025"",""intent"":""browse"",""ops"":[[""media"",""photos""],[""date_ref"",""before"",""D144""]]}"		
050	time	photos after 15 August 2023	browse; media photos; date after 15 August 2023	1	VALIDATOR_FAILED	1		"{""v"":2,""q"":""photos after 15 August 2023"",""intent"":""browse"",""ops"":[[""media"",""photos""],[""date_ref"",""after"",""D15-08-2020""]]}"		
051	time	photos between January 2024 and March 2024	browse; media photos; bounded date range	1	VALIDATOR_FAILED	0				
052	time	morning photos	browse; media photos; daypart morning	1	ACCEPTED	0	"{""v"":2,""q"":""morning photos"",""intent"":""browse"",""ops"":[[""media"",""photos""],[""daypart"",""morning""]]}"		category=scenary, semantic=1, people=0, excludedPeople=0, negative=0, recent=false, evidence=visual, metadataFields=, ops=[mime type == photos] && [semantic == morning]	[mime type == photos] && [semantic == morning]
053	time	night videos	browse; media videos; daypart night	1	ACCEPTED	0			category=scenary, semantic=1, people=0, excludedPeople=0, negative=0, recent=false, evidence=visual, metadataFields=, ops=[mime type == videos] && [semantic == night]	[mime type == videos] && [semantic == night]
054	sort	oldest sunset photo	browse; media photos; semantic sunset; sort oldest	1	ACCEPTED	0			category=scenary, semantic=1, people=0, excludedPeople=0, negative=0, recent=false, evidence=visual, metadataFields=, ops=[mime type == photos] && [semantic == sunset] SORT_OLDEST	[mime type == photos] && [semantic == sunset] SORT_OLDEST
055	sort	latest vacation pictures	browse; media photos; travel outside_normal; sort newest	1	ACCEPTED	0			category=scenary, semantic=0, people=0, excludedPeople=0, negative=0, recent=true, evidence=visual, metadataFields=, ops=[mime type == photos] SORT_DATE	[mime type == photos] SORT_DATE
056	combined	Ramani beach photos last month	browse; person Ramani; semantic beach; media photos; last month	1	VALIDATOR_FAILED	1	"{""v"":2,""q"":""Ramani beach photos last month"",""intent"":""browse"",""ops"":[[""media"",""photos""],[""location"",""beach""],[""location"",""Ramani""],[""calendar_period"",""last"",""month""]]}"	"{""v"":2,""q"":""Ramani beach photos last month"",""intent"":""browse"",""ops"":[[""media"",""photos""],[""location"",""beach""],[""location"",""Ramani""],[""calendar_period"",""last"",""month""]]}"		
057	combined	me cycling in rain this year	browse; self; one semantic cycling in rain; this year	1	ACCEPTED	0	"{""v"":2,""q"":""me cycling in rain this year"",""intent"":""browse"",""ops"":[[""term"",""cycling in rain"",""semantic""],[""relative_date"",""this_year""],[""self""]]}"		category=scenary, semantic=1, people=1, excludedPeople=0, negative=0, recent=false, evidence=metadata+visual, metadataFields=people,time, ops=[person == ravi] && [from_date == 2026-01-01] && [to_date == 2026-08-24] && [semantic == cycling in rain]	[person == ravi] && [from_date == 2026-01-01] && [to_date == 2026-08-24] && [semantic == cycling in rain]
058	combined	videos of Ravi dancing at Goa	browse; media videos; person Ravi; semantic dancing; location Goa	1	ACCEPTED	0			category=scenary, semantic=1, people=1, excludedPeople=0, negative=0, recent=false, evidence=metadata+visual, metadataFields=people,location, ops=[person == ravi] && [mime type == videos] && [location == Goa] && [semantic == dancing]	[person == ravi] && [mime type == videos] && [location == Goa] && [semantic == dancing]
059	combined	Ramani only photos in Ooty last year	browse; person Ramani; people_only; media photos; location Ooty; last year	2	VALIDATOR_FAILED	1	"{""v"":2,""q"":""Ramani only photos in Ooty last year"",""intent"":""browse"",""ops"":[[""media"",""photos""],[""person_ref"",""F14""],[""location"",""Ooty""],[""relative_date"",""last"",""year""]]}"	"{""v"":2,""q"":""Ramani only photos in Ooty last year"",""intent"":""browse"",""ops"":[[""media"",""photos""],[""person_ref"",""F14""],[""location"",""Ooty""],[""relative_date"",""last"",""year""]]}"		
060	combined	photos of me and Ramani at BR Hills	browse; self; person Ramani; media photos; location BR Hills	1	VALIDATOR_FAILED	1		"{""v"":2,""q"":""photos of me and Ramani at BR Hills"",""intent"":""browse"",""ops"":[[""media"",""photos""],[""self"",""self_term""],[""person_ref"",""F14""],[""location"",""BR Hills""]]}"		
061	combined	sunset videos from Goa after 2023	browse; semantic sunset; media videos; location Goa; date after 2023	1	VALIDATOR_FAILED	1		"{""v"":2,""q"":""sunset videos from Goa after 2023"",""intent"":""browse"",""ops"":[[""media"",""videos""],[""term"",""sunset"",""semantic""],[""location"",""Goa""],[""date_ref"",""after"",""202023""]]}"		
062	combined	birthday photos from Bangalore excluding cake	browse; semantic birthday; media photos; location Bangalore; not_term cake	1	VALIDATOR_FAILED	1		"{""v"":2,""q"":""birthday photos from Bangalore excluding cake"",""intent"":""browse"",""ops"":[[""media"",""photos""],[""location"",""Bangalore""],[""not_term"",""cake""]]}"		
063	combined	photos at Goa excluding beach	browse; media photos; location Goa; not_term beach	1	VALIDATOR_FAILED	1		"{""v"":2,""q"":""photos at Goa excluding beach"",""intent"":""browse"",""ops"":[[""media"",""photos""],[""location"",""Goa""],[""not_term"",""beach""]]}"		
064	combined	family trip videos past 6 months	browse; family content; travel outside_normal; media videos; past 6 months	1	VALIDATOR_FAILED	1		"{""v"":2,""q"":""family trip videos past 6 months"",""intent"":""browse"",""ops"":[[""media"",""videos""],[""relative_date"",""last"",""6"",""months""]]}"		
065	combined	latest photos of Ramani	browse; media photos; person Ramani; sort newest	1	ACCEPTED	1		"{""v"":2,""q"":""latest photos of Ramani"",""intent"":""browse"",""ops"":[[""media"",""photos""],[""term"",""Ramani"",""semantic+all""],[""sort"",""newest""]]}"	category=scenary, semantic=0, people=1, excludedPeople=0, negative=0, recent=true, evidence=metadata+visual, metadataFields=people, ops=[person == ramani] && [mime type == photos] SORT_DATE	[person == ramani] && [mime type == photos] SORT_DATE
066	combined	oldest videos from Kerala	browse; media videos; location Kerala; sort oldest	1	VALIDATOR_FAILED	0				
067	combined	red car photos before 2025	browse; semantic red car; media photos; date before 2025	1	VALIDATOR_FAILED	1	"{""v"":2,""q"":""red car photos before 2025"",""intent"":""browse"",""ops"":[[""media"",""photos""],[""term"",""red car"",""semantic""],[""not_term"",""20500""]]}"	"{""v"":2,""q"":""red car photos before 2025"",""intent"":""browse"",""ops"":[[""media"",""photos""],[""term"",""red car"",""semantic""],[""not_term"",""20500""]]}"		
068	combined	dogs running on beach this week	browse; semantic dogs running on beach; this week	1	ACCEPTED	0	"{""v"":2,""q"":""dogs running on beach this week"",""intent"":""browse"",""ops"":[[""term"",""dogs running on beach"",""semantic""],[""calendar_period"",""this"",""week""]]}"		category=scenary, semantic=1, people=0, excludedPeople=0, negative=0, recent=false, evidence=metadata+visual, metadataFields=time, ops=[from_date == 2026-08-24] && [to_date == 2026-08-24] && [semantic == dogs running on beach]	[from_date == 2026-08-24] && [to_date == 2026-08-24] && [semantic == dogs running on beach]
069	combined	me alone at home yesterday	browse; self; people_only; location home; yesterday	1	VALIDATOR_FAILED	0				
070	combined	photos of Ravi without Ramani in Mysore	browse; media photos; person Ravi; not_person Ramani; location Mysore	1	VALIDATOR_FAILED	1	"{""v"":2,""q"":""photos of Ravi without Ramani in Mysore"",""intent"":""browse"",""ops"":[[""media"",""photos""],[""term"",""Ravi"",""semantic""],[""not_person_ref"",""F14""],[""location"",""Mysore""]]}"	"{""v"":2,""q"":""photos of Ravi without Ramani in Mysore"",""intent"":""browse"",""ops"":[[""media"",""photos""],[""term"",""Ravi"",""semantic""],[""not_person_ref"",""F14""],[""location"",""Mysore""]]}"		
071	combined	vacation pictures except mountains	browse; media photos; travel outside_normal; not_term mountains	2	VALIDATOR_FAILED	1	"{""v"":2,""q"":""vacation pictures except mountains"",""intent"":""browse"",""ops"":[[""media"",""photos""],[""not_term"",""mountains""]]}"	"{""v"":2,""q"":""vacation pictures except mountains"",""intent"":""browse"",""ops"":[[""media"",""photos""],[""not_term"",""mountains""]]}"		
072	combined	night city videos in Delhi last month	browse; media videos; semantic night city; location Delhi; last month	1	ACCEPTED	0	"{""v"":2,""q"":""night city videos in Delhi last month"",""intent"":""browse"",""ops"":[[""media"",""videos""],[""term"",""night city videos"",""semantic""],[""location"",""Delhi""],[""calendar_period"",""last"",""month""]]}"		category=scenary, semantic=1, people=0, excludedPeople=0, negative=0, recent=false, evidence=metadata+visual, metadataFields=time,location, ops=[mime type == videos] && [location == Delhi] && [from_date == 2026-07-01] && [to_date == 2026-07-31] && [semantic == night city videos]	[mime type == videos] && [location == Delhi] && [from_date == 2026-07-01] && [to_date == 2026-07-31] && [semantic == night city]
073	combined	receipts photographed this year	browse; receipt photo content; this year	1	ACCEPTED	0	"{""v"":2,""q"":""receipts photographed this year"",""intent"":""browse"",""ops"":[[""media"",""photos""],[""relative_date"",""this_year""]]}"		category=scenary, semantic=0, people=0, excludedPeople=0, negative=0, recent=false, evidence=metadata+visual, metadataFields=time, ops=[mime type == photos] && [from_date == 2026-01-01] && [to_date == 2026-08-24]	[mime type == photos] && [from_date == 2026-01-01] && [to_date == 2026-08-24]
074	combined	screenshots containing payment failed	browse; screenshot scope; mandatory written payment failed content	1	ACCEPTED	0	"{""v"":2,""q"":""screenshots containing payment failed"",""intent"":""browse"",""ops"":[[""media"",""photos""],[""term"",""screenshot"",""semantic""],[""term"",""payment failed"",""all""]]}"		category=scenary, semantic=1, people=0, excludedPeople=0, negative=0, recent=false, evidence=visual, metadataFields=, ops=[mime type == photos] && [semantic == screenshot] && [keyword == {payment} && {failed}]	[mime type == photos] && [semantic == screenshot] && [keyword == {payment} && {failed}]
075	combined	photos with text happy birthday	browse; media photos; mandatory written happy birthday content	1	ACCEPTED	0	"{""v"":2,""q"":""photos with text happy birthday"",""intent"":""browse"",""ops"":[[""media"",""photos""],[""term"",""happy birthday"",""all""]]}"		category=scenary, semantic=0, people=0, excludedPeople=0, negative=0, recent=false, evidence=visual, metadataFields=, ops=[mime type == photos] && [keyword == {happy} && {birthday}]	[mime type == photos] && [keyword == {happy} && {birthday}]
076	ambiguous	Goa	browse; location Goa; no invented media or person	1	ACCEPTED	0	"{""v"":2,""q"":""Goa"",""intent"":""browse"",""ops"":[[""location"",""Goa""]]}"		category=scenary, semantic=0, people=0, excludedPeople=0, negative=0, recent=false, evidence=metadata+visual, metadataFields=location, ops=[location == Goa]	[location == Goa]
077	ambiguous	rain	browse; semantic rain; no location	2	ACCEPTED	0	"{""v"":2,""q"":""rain"",""intent"":""browse"",""ops"":[[""term"",""rain"",""semantic""]]}"		category=scenary, semantic=1, people=0, excludedPeople=0, negative=0, recent=false, evidence=visual, metadataFields=, ops=[semantic == rain]	[semantic == rain]
078	ambiguous	last summer	browse; temporal summer intent retained conservatively; no invented exact event	1	VALIDATOR_FAILED	1	"{""v"":2,""q"":""last summer"",""intent"":""browse"",""ops"":[[""relative_date"",""last"",""summer""]]}"	"{""v"":2,""q"":""last summer"",""intent"":""browse"",""ops"":[[""relative_date"",""last"",""summer""]]}"		
079	ambiguous	recent photos	browse; media photos; sort newest	1	ACCEPTED	0	"{""v"":2,""q"":""recent photos"",""intent"":""browse"",""ops"":[[""media"",""photos""],[""sort"",""newest""]]}"		category=scenary, semantic=0, people=0, excludedPeople=0, negative=0, recent=true, evidence=visual, metadataFields=, ops=[mime type == photos] SORT_DATE	[mime type == photos] SORT_DATE
080	ambiguous	pics from there	browse; media photos; preserve unresolved there without invented location	1	ACCEPTED	0	"{""v"":2,""q"":""pics from there"",""intent"":""browse"",""ops"":[[""media"",""photos""]]}"		category=scenary, semantic=0, people=0, excludedPeople=0, negative=0, recent=false, evidence=visual, metadataFields=, ops=[mime type == photos]	[mime type == photos]
081	ambiguous	birthday	browse; semantic birthday	1	ACCEPTED	1	"{""v"":2,""q"":""birthday"",""intent"":""answer:text"",""ops"":[[""term"",""birthday"",""semantic+all""]]}"	"{""v"":2,""q"":""birthday"",""intent"":""answer:text"",""ops"":[[""term"",""birthday"",""semantic+all""]]}"	category=scenary, semantic=1, people=0, excludedPeople=0, negative=0, recent=false, evidence=visual, metadataFields=, ops=[semantic == birthday]	[semantic == birthday]
082	ambiguous	travel memories	browse; travel outside_normal or equivalent travel semantic	1	ACCEPTED	0	"{""v"":2,""q"":""travel memories"",""intent"":""browse"",""ops"":[[""media"",""photos""],[""travel"",""outside_normal""]]}"		category=scenary, semantic=0, people=0, excludedPeople=0, negative=0, recent=false, evidence=metadata+visual, metadataFields=location, ops=[mime type == photos] && [travel == outside_normal]	[mime type == photos] && [travel == outside_normal]
083	ambiguous	camera shots	browse; media photos; no invented content	1	ACCEPTED	0	"{""v"":2,""q"":""camera shots"",""intent"":""browse"",""ops"":[[""media"",""photos""]]}"		category=scenary, semantic=0, people=0, excludedPeople=0, negative=0, recent=false, evidence=visual, metadataFields=, ops=[mime type == photos]	[mime type == photos]
084	ambiguous	that blue thing	browse; semantic blue thing; no previous context	1	ACCEPTED	0	"{""v"":2,""q"":""that blue thing"",""intent"":""browse"",""ops"":[[""term"",""blue thing"",""semantic""]]}"		category=scenary, semantic=1, people=0, excludedPeople=0, negative=0, recent=false, evidence=visual, metadataFields=, ops=[semantic == blue thing]	[semantic == blue thing]
085	ambiguous	photos around home	browse; media photos; location home	1	ACCEPTED	1	"{""v"":2,""q"":""photos around home"",""intent"":""browse"",""ops"":[[""media"",""photos""],[""location"",""home""],[""semantic""]]}"	"{""v"":2,""q"":""photos around home"",""intent"":""browse"",""ops"":[[""media"",""photos""],[""location"",""home""],[""semantic""]]}"	category=scenary, semantic=1, people=0, excludedPeople=0, negative=0, recent=false, evidence=visual, metadataFields=, ops=[mime type == photos] && [semantic == photos around home]	[mime type == photos] && [semantic == around home]
086	ambiguous	Bangalore or Mysore photos	browse; media photos; both alternative locations preserved	1	VALIDATOR_FAILED	1	"{""v"":2,""q"":""Bangalore or Mysore photos"",""intent"":""browse"",""ops"":[[""media"",""photos""],[""location"",""Bangalore""],[""location"",""Mysore""]]}"	"{""v"":2,""q"":""Bangalore or Mysore photos"",""intent"":""browse"",""ops"":[[""media"",""photos""],[""location"",""Bangalore""],[""location"",""Mysore""]]}"		
087	ambiguous	photos not in Goa	browse; media photos; negative Goa constraint preserved	1	VALIDATOR_FAILED	1	"{""v"":2,""q"":""photos not in Goa"",""intent"":""browse"",""ops"":[[""media"",""photos""],[""location"",""Goa""],[""not_term"",""Goa""]]}"	"{""v"":2,""q"":""photos not in Goa"",""intent"":""browse"",""ops"":[[""media"",""photos""],[""location"",""Goa""],[""not_term"",""Goa""]]}"		
088	ambiguous	beach but not sunset photos	browse; media photos; semantic beach; not_term sunset	1	VALIDATOR_FAILED	1	"{""v"":2,""q"":""beach but not sunset photos"",""intent"":""browse"",""ops"":[[""media"",""photos""],[""term"",""beach"",""semantic""],[""not_term"",""sunset""]]}"	"{""v"":2,""q"":""beach but not sunset photos"",""intent"":""browse"",""ops"":[[""media"",""photos""],[""term"",""beach"",""semantic""],[""not_term"",""sunset""]]}"		
089	ambiguous	Ramani maybe at Goa	browse; person Ramani; location Goa preserved without extra certainty	1	ACCEPTED	0	"{""v"":2,""q"":""Ramani maybe at Goa"",""intent"":""browse"",""ops"":[[""person_ref"",""F14""],[""location"",""Goa""]]}"		category=scenary, semantic=0, people=1, excludedPeople=0, negative=0, recent=false, evidence=metadata+visual, metadataFields=people,location, ops=[person == ramani] && [location == Goa]	[person == ramani] && [location == Goa]
090	ambiguous	photos from around 2024	browse; media photos; approximate 2024 temporal intent retained conservatively	2	ACCEPTED	0	"{""v"":2,""q"":""photos from around 2024"",""intent"":""browse"",""ops"":[[""media"",""photos""],[""relative_date"",""this_year""]]}"		category=scenary, semantic=0, people=0, excludedPeople=0, negative=0, recent=false, evidence=metadata+visual, metadataFields=time, ops=[mime type == photos] && [from_date == 2026-01-01] && [to_date == 2026-08-24]	[mime type == photos] && [from_date == 2026-01-01] && [to_date == 2026-08-24]
091	typo	sunset picturs	browse; correct pictures; media photos; semantic sunset	1	ACCEPTED	0			category=scenary, semantic=1, people=0, excludedPeople=0, negative=0, recent=false, evidence=visual, metadataFields=, ops=[mime type == photos] && [semantic == sunset]	[mime type == photos] && [semantic == sunset]
092	typo	Ramni dancng photos	browse; correct Ramani dancing; person Ramani; semantic dancing; media photos	1	ACCEPTED	1	"{""v"":2,""q"":""Ramni dancng photos"",""intent"":""browse"",""ops"":[[""media"",""photos""],[""term"",""Ramni"",""all""],[""term"",""dancing"",""semantic""]]}"	"{""v"":2,""q"":""Ramni dancng photos"",""intent"":""browse"",""ops"":[[""media"",""photos""],[""term"",""Ramni"",""all""],[""term"",""dancing"",""semantic""]]}"	category=scenary, semantic=1, people=0, excludedPeople=0, negative=0, recent=false, evidence=visual, metadataFields=, ops=[mime type == photos] && [semantic == Ramni dancing]	[mime type == photos] && [semantic == Ramni dancing]
093	typo	Goa vaccation pics	browse; correct vacation pictures; location Goa; media photos	1	VALIDATOR_FAILED	1	"{""v"":2,""q"":""Goa vaccation pics"",""intent"":""browse"",""ops"":[[""media"",""photos""],[""location"",""Goa""],[""travel"",""outside_normal""]]}"	"{""v"":2,""q"":""Goa vaccation pics"",""intent"":""browse"",""ops"":[[""media"",""photos""],[""location"",""Goa""],[""travel"",""outside_normal""]]}"		
094	typo	vidoes of firewroks	browse; correct videos fireworks; media videos; semantic fireworks	1	ACCEPTED	0	"{""v"":2,""q"":""vidoes of firewroks"",""intent"":""browse"",""ops"":[[""media"",""videos""],[""term"",""firewroks"",""semantic""]]}"		category=scenary, semantic=1, people=0, excludedPeople=0, negative=0, recent=false, evidence=visual, metadataFields=, ops=[mime type == videos] && [semantic == firewroks]	[mime type == videos] && [semantic == firewroks]
095	typo	fotoss of me at beach	browse; correct photos; self; media photos; semantic beach	1	VALIDATOR_FAILED	1	"{""v"":2,""q"":""fotoss of me at beach"",""intent"":""browse"",""ops"":[[""media"",""photos""],[""self"",""self_term""],[""location"",""beach""]]}"	"{""v"":2,""q"":""fotoss of me at beach"",""intent"":""browse"",""ops"":[[""media"",""photos""],[""self"",""self_term""],[""location"",""beach""]]}"		
096	typo	pics frm yesterday	browse; correct from; media photos; yesterday	1	ACCEPTED	0	"{""v"":2,""q"":""pics frm yesterday"",""intent"":""browse"",""ops"":[[""media"",""photos""],[""calendar_date"",""yesterday""]]}"		category=scenary, semantic=0, people=0, excludedPeople=0, negative=0, recent=false, evidence=metadata+visual, metadataFields=time, ops=[mime type == photos] && [from_date == 2026-08-23] && [to_date == 2026-08-23]	[mime type == photos] && [from_date == 2026-08-23] && [to_date == 2026-08-23]
097	colloquial	latest Ramani snaps	browse; person Ramani; media photos; sort newest	1	ACCEPTED	0	"{""v"":2,""q"":""latest Ramani snaps"",""intent"":""browse"",""ops"":[[""media"",""photos""],[""sort"",""newest""],[""person_ref"",""F14""]]}"		category=scenary, semantic=0, people=1, excludedPeople=0, negative=0, recent=true, evidence=metadata+visual, metadataFields=people, ops=[person == ramani] && [mime type == photos] SORT_DATE	[person == ramani] && [mime type == photos] SORT_DATE
098	colloquial	no Ravi just Ramani photos	browse; person Ramani; not_person Ravi; people_only; media photos	1	VALIDATOR_FAILED	1	"{""v"":2,""q"":""no Ravi just Ramani photos"",""intent"":""browse"",""ops"":[[""media"",""photos""],[""not_person_ref"",""F4""],[""person_ref"",""F14""]]}"	"{""v"":2,""q"":""no Ravi just Ramani photos"",""intent"":""browse"",""ops"":[[""media"",""photos""],[""not_person_ref"",""F4""],[""person_ref"",""F14""]]}"		
099	colloquial	show beach pics	browse; media photos; semantic beach	1	ACCEPTED	0	"{""v"":2,""q"":""show beach pics"",""intent"":""browse"",""ops"":[[""media"",""photos""],[""term"",""beach"",""semantic""]]}"		category=scenary, semantic=1, people=0, excludedPeople=0, negative=0, recent=false, evidence=visual, metadataFields=, ops=[mime type == photos] && [semantic == beach]	[mime type == photos] && [semantic == beach]
100	colloquial	find my night videos	browse; self; media videos; daypart night	1	VALIDATOR_FAILED	1	"{""v"":2,""q"":""find my night videos"",""intent"":""browse"",""ops"":[[""media"",""videos""],[""daypart"",""night""]]}"	"{""v"":2,""q"":""find my night videos"",""intent"":""browse"",""ops"":[[""media"",""videos""],[""daypart"",""night""]]}"		
